No,"Mac Address",Address,"To Address",Type,Bypassed,Disabled
1,44:CB:8B:DA:1C:10,10.111.32.87,10.111.32.87,bypassed,true,false
2,44:CB:8B:DA:55:78,10.111.47.135,10.111.47.135,bypassed,true,false
3,44:CB:8B:E4:A4:42,10.111.62.109,10.111.62.109,bypassed,true,false
4,40:2F:86:03:39:DA,10.111.62.66,10.111.62.66,bypassed,true,false
5,44:CB:8B:E6:AF:08,10.111.61.157,10.111.61.157,bypassed,true,false
6,44:CB:8B:DA:55:CC,10.111.57.209,10.111.57.209,bypassed,true,false
7,44:CB:8B:DA:1A:BA,10.111.41.250,10.111.41.250,bypassed,true,false
8,44:CB:8B:DA:13:F2,10.111.34.66,10.111.34.66,bypassed,true,false
9,4C:BA:D7:B9:65:8E,10.111.33.142,10.111.33.142,bypassed,true,false
10,44:CB:8B:8E:FD:44,10.111.54.86,10.111.54.86,bypassed,true,false
11,44:CB:8B:DA:38:C6,10.111.55.58,10.111.55.58,bypassed,true,false
12,44:CB:8B:DA:38:D2,10.111.43.79,10.111.43.79,bypassed,true,false
13,44:CB:8B:DA:1C:30,10.111.54.80,10.111.54.80,bypassed,true,false
14,44:CB:8B:DA:1C:42,10.111.61.149,10.111.61.149,bypassed,true,false
15,44:CB:8B:DA:55:B6,10.111.61.48,10.111.61.48,bypassed,true,false
16,44:CB:8B:E6:AE:D8,10.111.62.159,10.111.62.159,bypassed,true,false
17,44:CB:8B:DA:38:EA,10.111.61.42,10.111.61.42,bypassed,true,false
18,44:CB:8B:DA:14:06,10.111.61.32,10.111.61.32,bypassed,true,false
19,44:CB:8B:8E:F7:3A,10.111.61.28,10.111.61.28,bypassed,true,false
20,44:CB:8B:F2:3D:3C,10.111.60.241,10.111.60.241,bypassed,true,false
21,44:CB:8B:E4:A4:14,10.111.60.111,10.111.60.111,bypassed,true,false
22,44:CB:8B:DA:1C:40,10.111.60.104,10.111.60.104,bypassed,true,false
23,44:CB:8B:DA:1A:D6,10.111.59.79,10.111.59.79,bypassed,true,false
24,44:CB:8B:8E:F9:04,10.111.58.245,10.111.58.245,bypassed,true,false
25,44:CB:8B:DA:3C:FA,10.111.58.114,10.111.58.114,bypassed,true,false
26,44:CB:8B:DA:1A:B8,10.111.58.49,10.111.58.49,bypassed,true,false
27,44:CB:8B:DA:55:5C,10.111.57.253,10.111.57.253,bypassed,true,false
28,44:CB:8B:8E:F7:22,10.111.57.125,10.111.57.125,bypassed,true,false
29,44:CB:8B:DA:1C:F6,10.111.55.236,10.111.55.236,bypassed,true,false
30,44:CB:8B:DA:20:08,10.111.55.24,10.111.55.24,bypassed,true,false
31,44:CB:8B:8E:F8:DC,10.111.49.245,10.111.49.245,bypassed,true,false
32,44:CB:8B:DA:38:CA,10.111.49.78,10.111.49.78,bypassed,true,false
33,44:CB:8B:DA:15:1E,10.111.48.181,10.111.48.181,bypassed,true,false
34,44:CB:8B:8E:FD:0E,10.111.47.224,10.111.47.224,bypassed,true,false
35,44:CB:8B:DA:4E:FC,10.111.47.69,10.111.47.69,bypassed,true,false
36,44:CB:8B:DA:1D:F8,10.111.32.80,10.111.32.80,bypassed,true,false
37,44:CB:8B:DA:4F:3A,10.111.32.198,10.111.32.198,bypassed,true,false
38,44:CB:8B:DA:1C:34,10.111.32.50,10.111.32.50,bypassed,true,false
39,44:CB:8B:DA:1C:00,10.111.32.4,10.111.32.4,bypassed,true,false
40,44:CB:8B:DA:55:72,10.111.33.50,10.111.33.50,bypassed,true,false
41,44:CB:8B:DA:14:0A,10.111.33.161,10.111.33.161,bypassed,true,false
42,44:CB:8B:E6:AF:42,10.111.33.172,10.111.33.172,bypassed,true,false
43,44:CB:8B:DA:1A:D4,10.111.36.25,10.111.36.25,bypassed,true,false
44,44:CB:8B:E4:A4:76,10.111.59.182,10.111.59.182,bypassed,true,false
45,44:CB:8B:DA:4E:FA,10.111.39.252,10.111.39.252,bypassed,true,false
46,44:CB:8B:DA:1A:A6,10.111.40.111,10.111.40.111,bypassed,true,false
47,44:CB:8B:DA:4F:12,10.111.40.246,10.111.40.246,bypassed,true,false
48,40:2F:86:03:39:B8,10.111.41.210,10.111.41.210,bypassed,true,false
49,44:CB:8B:D2:AF:E6,10.111.44.39,10.111.44.39,bypassed,true,false
50,44:CB:8B:DA:1A:A2,10.111.47.151,10.111.47.151,bypassed,true,false
51,44:CB:8B:8E:F6:DE,10.111.63.241,10.111.63.241,bypassed,true,false
52,44:CB:8B:DA:1A:D8,10.111.61.190,10.111.61.190,bypassed,true,false
53,44:CB:8B:DA:4F:3E,10.111.60.170,10.111.60.170,bypassed,true,false
54,44:CB:8B:DA:55:B2,10.111.58.122,10.111.58.122,bypassed,true,false
55,44:CB:8B:DA:38:B0,10.111.57.92,10.111.57.92,bypassed,true,false
56,44:CB:8B:DA:3C:E8,10.111.53.89,10.111.53.89,bypassed,true,false
57,44:CB:8B:DA:55:5E,10.111.50.177,10.111.50.177,bypassed,true,false
58,44:CB:8B:D9:FC:AE,10.111.50.23,10.111.50.23,bypassed,true,false
59,44:CB:8B:DA:6B:7A,10.111.49.191,10.111.49.191,bypassed,true,false
60,44:CB:8B:DA:1A:98,10.111.47.182,10.111.47.182,bypassed,true,false
61,44:CB:8B:E6:AF:2C,10.111.47.99,10.111.47.99,bypassed,true,false
62,44:CB:8B:DA:1C:2A,10.111.32.14,10.111.32.14,bypassed,true,false
63,44:CB:8B:DA:4F:3C,10.111.36.3,10.111.36.3,bypassed,true,false
64,44:CB:8B:8E:FF:54,10.111.44.77,10.111.44.77,bypassed,true,false
65,44:CB:8B:8E:FD:2A,10.111.44.222,10.111.44.222,bypassed,true,false
66,44:CB:8B:8E:FD:B0,10.111.53.220,10.111.53.220,bypassed,true,false
67,44:CB:8B:DA:1A:AA,10.111.45.46,10.111.45.46,bypassed,true,false
68,44:CB:8B:DA:55:AE,10.111.45.63,10.111.45.63,bypassed,true,false
69,44:CB:8B:DA:51:26,10.111.47.166,10.111.47.166,bypassed,true,false
70,44:CB:8B:D9:FC:BC,10.111.50.93,10.111.50.93,bypassed,true,false
71,44:CB:8B:DA:6B:6E,10.111.50.194,10.111.50.194,bypassed,true,false
72,44:CB:8B:DA:4F:2E,10.111.51.34,10.111.51.34,bypassed,true,false
73,44:CB:8B:DA:1B:F4,10.111.54.70,10.111.54.70,bypassed,true,false
74,44:CB:8B:DA:4E:CC,10.111.57.47,10.111.57.47,bypassed,true,false
75,44:CB:8B:DA:1B:C0,10.111.57.216,10.111.57.216,bypassed,true,false
76,44:CB:8B:DA:1A:F4,10.111.57.254,10.111.57.254,bypassed,true,false
77,44:CB:8B:DA:4E:C8,10.111.58.64,10.111.58.64,bypassed,true,false
78,44:CB:8B:DA:38:F4,10.111.58.127,10.111.58.127,bypassed,true,false
79,80:5B:65:31:31:14,10.111.58.168,10.111.58.168,bypassed,true,false
80,40:2F:86:03:3A:D8,10.111.59.167,10.111.59.167,bypassed,true,false
81,44:CB:8B:DA:1A:B2,10.111.59.194,10.111.59.194,bypassed,true,false
82,44:CB:8B:DA:3C:FC,10.111.59.217,10.111.59.217,bypassed,true,false
83,44:CB:8B:DA:1A:B4,10.111.59.218,10.111.59.218,bypassed,true,false
84,44:CB:8B:DA:1C:E8,10.111.60.15,10.111.60.15,bypassed,true,false
85,44:CB:8B:DA:4F:1C,10.111.60.38,10.111.60.38,bypassed,true,false
86,64:CB:E9:71:B9:EA,10.111.60.91,10.111.60.91,bypassed,true,false
87,44:CB:8B:D9:FC:B0,10.111.46.39,10.111.46.39,bypassed,true,false
88,44:CB:8B:DA:1A:CE,10.111.45.244,10.111.45.244,bypassed,true,false
89,44:CB:8B:DA:1D:3E,10.111.44.234,10.111.44.234,bypassed,true,false
90,44:CB:8B:DA:3D:D6,10.111.44.33,10.111.44.33,bypassed,true,false
91,44:CB:8B:8E:F7:1E,10.111.43.240,10.111.43.240,bypassed,true,false
92,44:CB:8B:DA:13:EA,10.111.40.185,10.111.40.185,bypassed,true,false
93,44:CB:8B:E6:AF:64,10.111.39.254,10.111.39.254,bypassed,true,false
94,44:CB:8B:DA:1A:EE,10.111.39.220,10.111.39.220,bypassed,true,false
95,44:CB:8B:8E:FD:38,10.111.35.247,10.111.35.247,bypassed,true,false
96,44:CB:8B:DA:1A:B0,10.111.35.38,10.111.35.38,bypassed,true,false
97,44:CB:8B:DA:55:3C,10.111.35.14,10.111.35.14,bypassed,true,false
98,44:CB:8B:DA:3D:0E,10.111.34.143,10.111.34.143,bypassed,true,false
99,40:2F:86:F7:46:C8,10.111.32.240,10.111.32.240,bypassed,true,false
100,44:CB:8B:DA:4E:F6,10.111.32.209,10.111.32.209,bypassed,true,false
101,44:CB:8B:DA:1C:32,10.111.58.132,10.111.58.132,bypassed,true,false
102,44:CB:8B:DA:55:AC,10.111.54.84,10.111.54.84,bypassed,true,false
103,44:CB:8B:E4:A4:74,10.111.54.144,10.111.54.144,bypassed,true,false
104,44:CB:8B:E6:AF:22,10.111.41.73,10.111.41.73,bypassed,true,false
105,44:CB:8B:DA:1C:2E,10.111.35.87,10.111.35.87,bypassed,true,false
